idUtilisateur	Nom utilisateur	Nom	Prénom	Email	Mot de passe	Rôle
1	root	Morel	Erwann	emorel@example.com	O0Wao65M#jiT^gBW	ROOT
2	ajulien	Julien	Angelo	ajulien@example.com	foyj8M~iQp!%jxdl	PRODUCTEUR
3	rbarre	Barre	Rosalie	rbarre@example.com	T/wt91n-_W|xtVPI	PRODUCTEUR
4	lgarcia	Garcia	Lya	lgarcia@example.com	yIxljft!GZbbJAgU	PRODUCTEUR
5	rleblanc	Leblanc	Rayane	rleblanc@example.com	F%wPEPJd3hf0JR7q	PRODUCTEUR
6	gpicard	Picard	Georgette	gpicard@example.com	@rbbHh833B6jUjSz	PRODUCTEUR
7	aroy	Roy	Aicha	aroy@example.com	u.Qry:6A'~h$!R~Y	PRODUCTEUR
8	rlaporte	Laporte	Raphaël	rlaporte@example.com	*_uRQxsG@ldQA`@m	PRODUCTEUR
9	mmercier	Mercier	Maxime	mmercier@example.com	*zQ'Pdtz6w-@d~b6	PRODUCTEUR
10	dboyer	Boyer	Delphine	dboyer@example.com	CojsZb*?2nlPVF*9	PRODUCTEUR
11	mcarpentier	Carpentier	Matis	mcarpentier@example.com	d!KM?m4|ux0o~Pss	PRODUCTEUR
12	abarbier	Barbier	Anatole	abarbier@example.com	&A'UtL!*Z+^uBjfP	PRODUCTEUR
13	fpierre	Pierre	Flora	fpierre@example.com	?|:sTKLV4In~tdlJ	PRODUCTEUR
14	claporte	Laporte	Cloé	claporte@example.com	7J/7KA~iyzbB@BVq	PRODUCTEUR
15	smillet	Millet	Sébastien	smillet@example.com	;O7K^aFR:L^Am#WR	PRODUCTEUR
16	ndaniel	Daniel	Naomie	ndaniel@example.com	ZvGKuZ4!zj?JtH^K	PRODUCTEUR
17	djacob	Jacob	Dimitri	djacob@example.com	;g5dFgIRCki$E#.2	PRODUCTEUR
18	fbonnet	Bonnet	Frank	fbonnet@example.com	eu+6UbBqi-4q.^#w	PRODUCTEUR
19	pantoine	Antoine	Philippe	pantoine@example.com	a.Ic&yUf%!Z_VyjW	PRODUCTEUR
20	pdasilva	Da Silva	Peter	pdasilva@example.com	i9ukH/A!Fi!af?o2	PRODUCTEUR
21	elebrun	Lebrun	Eric	elebrun@example.com	9sp8BF.J_`t@PWUe	PRODUCTEUR
22	dleroux	Le Roux	Dolores	dleroux@example.com	94+6p62!Gl's:54J	ADMINISTRATEUR
23	groy	Roy	Gabrielle	groy@example.com	o7f4KE5q1ZWp^zbf	ADMINISTRATEUR
24	hdubois	Dubois	Halima	hdubois@example.com	mE3Qg.w;Ql.%KJ^5	ADMINISTRATEUR
25	rhenry	Henry	Reda	rhenry@example.com	IAmMx#bVF8$J/eWw	ADMINISTRATEUR
26	trenard	Renard	Thérèse	trenard@example.com	I%+Yz1JG`uDgpT+*	ADMINISTRATEUR
27	bbarre	Barre	Blandine	bbarre@example.com	2yzc%V1a|0C&y!Xq	ADMINISTRATEUR
28	tparis	Paris	Tony	tparis@example.com	#MQn#d2@/:*k/d_A	ADMINISTRATEUR
29	nleger	Leger	Norbert	nleger@example.com	81*_qK9vOV5oyUfk	ADMINISTRATEUR
30	sbertin	Bertin	Simon	sbertin@example.com	/5GQZ8e1hz:@x;vN	ADMINISTRATEUR
31	lleroy	Leroy	Louison	lleroy@example.com	sIoIL~E'7Ee89nNX	ADMINISTRATEUR
32	dbaron	Baron	Davy	dbaron@example.com	K4YktG@y$T@+6n!~	ADMINISTRATEUR
33	alegrand	Legrand	Auriane	alegrand@example.com	+9BihO5hlXwLL~ku	ADMINISTRATEUR
34	alegrand2	Legrand	Agathe	alegrand@example.com	cO2;9K-YNI$%gJ4y	ADMINISTRATEUR
35	ymichel	Michel	Younes	ymichel@example.com	8E&aDqdeK.YGLVhf	ADMINISTRATEUR
36	aboulanger	Boulanger	Assia	aboulanger@example.com	5'S|/YN%D^RmI/tf	ADMINISTRATEUR
37	slouis	Louis	Samir	slouis@example.com	pO~rncWVIJq_*Abk	ADMINISTRATEUR
38	slambert	Lambert	Solange	slambert@example.com	ZC%@OKCB_-tmQ+Pu	ADMINISTRATEUR
39	mcousin	Cousin	Mathilde	mcousin@example.com	3WYO*9^MDQGA01^L	ADMINISTRATEUR
40	gcousin	Cousin	Gwenael	gcousin@example.com	'H:g2;FGySS4$%p4	ADMINISTRATEUR
41	pcolin	Colin	Pauline	pcolin@example.com	|Db^revnU?zqs+XM	ADMINISTRATEUR
42	rdufour	Dufour	Roxane	rdufour@example.com	oPI5$Xd2d8T6nKVN	ADMINISTRATEUR
43	lchevalier	Chevalier	Luis	lchevalier@example.com	yn_x?HXPOcG`WLhx	ADMINISTRATEUR
44	lbenoit	Benoit	Laëtitia	lbenoit@example.com	Ds@2Unn4ueKD7e`O	ADMINISTRATEUR
45	smallet	Mallet	Solenn	smallet@example.com	5k4zs~dax|VbJma-	ADMINISTRATEUR
46	mdavid	David	Malo	mdavid@example.com	wS2.0.7rr#B?u$W/	ADMINISTRATEUR
47	fdupuy	Dupuy	Flore	fdupuy@example.com	!Gnv6h^mfto3M%Cw	ADMINISTRATEUR
48	elacombe	Lacombe	Eloise	elacombe@example.com	9'7`eyz1A|R65o!u	ADMINISTRATEUR
49	rjulien	Julien	Raymond	rjulien@example.com	Fy|Fyn`vA0H?mbFm	ADMINISTRATEUR
50	ifontaine	Fontaine	Ilyas	ifontaine@example.com	re#o0|6YUErcnDqn	ADMINISTRATEUR
